{
  "config": {
    "models_per_task": 300,
    "tasks": [
      "binary_classification_synthetic",
      "binary_random_labels"
    ],
    "completed": "2026-01-17T20:19:34.303742"
  },
  "task_dimensions": {
    "binary_classification_synthetic": {
      "dim_95": 200,
      "dim_99": 257,
      "effective_dim": 137.9507598876953
    },
    "binary_random_labels": {
      "dim_95": 217,
      "dim_99": 267,
      "effective_dim": 177.77377319335938
    }
  },
  "intersection": {
    "aligned_dimensions": 6,
    "min_angle": 6.564381122589111,
    "mean_angle": 48.69148254394531,
    "max_angle": 87.88677215576172,
    "global_dimension_95": 279,
    "global_effective": 172.38394165039062,
    "mean_individual": 157.86226654052734,
    "ratio": 1.0919895262376407,
    "intersection_estimate": 120.66875915527343,
    "conclusion": "PARTIAL OVERLAP"
  }
}