{
  "config": {
    "architectures": {
      "small": [
        10,
        16,
        16,
        1
      ],
      "medium": [
        10,
        64,
        64,
        1
      ],
      "large": [
        10,
        256,
        256,
        1
      ],
      "xlarge": [
        10,
        512,
        512,
        1
      ]
    },
    "dropout_rates": [
      0.0,
      0.3,
      0.5
    ],
    "models_per_condition": 50,
    "epochs": 100
  },
  "results": {
    "small": {
      "0.0": {
        "effective_dim": 40.81012725830078,
        "k_95": 44,
        "k_50": 16,
        "mean_distance": 10.150647158184755,
        "std_distance": 0.5845706280007067,
        "total_variance": 0.11326372623443604,
        "spectral_ratio": 1.621758222579956,
        "top_10_var": [
          0.046666137874126434,
          0.03952816501259804,
          0.03816479071974754,
          0.03615595027804375,
          0.03594847768545151,
          0.03216152265667915,
          0.032086655497550964,
          0.030508913099765778,
          0.02926451340317726,
          0.02877502702176571
        ],
        "mean_accuracy": 95.67,
        "std_accuracy": 1.0325211862233141,
        "n_params": 465
      },
      "0.3": {
        "effective_dim": 40.64780807495117,
        "k_95": 44,
        "k_50": 16,
        "mean_distance": 8.302905241635159,
        "std_distance": 0.45201910513851307,
        "total_variance": 0.07691751420497894,
        "spectral_ratio": 1.566774606704712,
        "top_10_var": [
          0.04496484994888306,
          0.03951013833284378,
          0.03708669915795326,
          0.035849373787641525,
          0.0350605733692646,
          0.03361910581588745,
          0.032056666910648346,
          0.031677890568971634,
          0.030776115134358406,
          0.028698990121483803
        ],
        "mean_accuracy": 93.84,
        "std_accuracy": 1.484722196237397,
        "n_params": 465
      },
      "0.5": {
        "effective_dim": 39.66635513305664,
        "k_95": 44,
        "k_50": 16,
        "mean_distance": 7.61095423595803,
        "std_distance": 0.38933103504473127,
        "total_variance": 0.06468406319618225,
        "spectral_ratio": 1.651950716972351,
        "top_10_var": [
          0.048320088535547256,
          0.04397106543183327,
          0.040950845927000046,
          0.0375191867351532,
          0.03536786139011383,
          0.03421107307076454,
          0.03246540203690529,
          0.031407084316015244,
          0.02943829447031021,
          0.02925032004714012
        ],
        "mean_accuracy": 92.23,
        "std_accuracy": 1.6099999999999999,
        "n_params": 465
      }
    },
    "medium": {
      "0.0": {
        "effective_dim": 47.70905685424805,
        "k_95": 46,
        "k_50": 22,
        "mean_distance": 17.114280768356867,
        "std_distance": 0.6640071622312523,
        "total_variance": 0.029884791001677513,
        "spectral_ratio": 1.1661478281021118,
        "top_10_var": [
          0.027756735682487488,
          0.025932656601071358,
          0.025794465094804764,
          0.025430209934711456,
          0.02537951059639454,
          0.025091687217354774,
          0.02489914372563362,
          0.024428091943264008,
          0.023924782872200012,
          0.023802071809768677
        ],
        "mean_accuracy": 97.14,
        "std_accuracy": 0.7876547467006088,
        "n_params": 4929
      },
      "0.3": {
        "effective_dim": 47.60315704345703,
        "k_95": 46,
        "k_50": 22,
        "mean_distance": 15.639115882003997,
        "std_distance": 0.5390825521329049,
        "total_variance": 0.024998795241117477,
        "spectral_ratio": 1.1593809127807617,
        "top_10_var": [
          0.027771223336458206,
          0.027259966358542442,
          0.026558294892311096,
          0.026039406657218933,
          0.025577768683433533,
          0.025065207853913307,
          0.02483445219695568,
          0.024593520909547806,
          0.024210091680288315,
          0.023953493684530258
        ],
        "mean_accuracy": 97.76,
        "std_accuracy": 0.6343500610861482,
        "n_params": 4929
      },
      "0.5": {
        "effective_dim": 47.536502838134766,
        "k_95": 46,
        "k_50": 21,
        "mean_distance": 14.34425523775134,
        "std_distance": 0.47792173619541006,
        "total_variance": 0.021262358874082565,
        "spectral_ratio": 1.1598888635635376,
        "top_10_var": [
          0.027952026575803757,
          0.02691751904785633,
          0.026365313678979874,
          0.02599162422120571,
          0.02535865642130375,
          0.024911174550652504,
          0.024833159521222115,
          0.024566857144236565,
          0.024173038080334663,
          0.02409888245165348
        ],
        "mean_accuracy": 97.09,
        "std_accuracy": 1.0329085148259742,
        "n_params": 4929
      }
    },
    "large": {
      "0.0": {
        "effective_dim": 48.680259704589844,
        "k_95": 47,
        "k_50": 23,
        "mean_distance": 27.72329160938398,
        "std_distance": 0.6439322885473014,
        "total_variance": 0.005586439277976751,
        "spectral_ratio": 1.0872879028320312,
        "top_10_var": [
          0.024084029719233513,
          0.023583993315696716,
          0.023285403847694397,
          0.023185864090919495,
          0.022861013188958168,
          0.022720113396644592,
          0.022591883316636086,
          0.022510575130581856,
          0.022238818928599358,
          0.02215055376291275
        ],
        "mean_accuracy": 96.53,
        "std_accuracy": 0.5139066063011839,
        "n_params": 68865
      },
      "0.3": {
        "effective_dim": 48.30858612060547,
        "k_95": 47,
        "k_50": 23,
        "mean_distance": 28.251732235787358,
        "std_distance": 1.086601463860118,
        "total_variance": 0.005810142494738102,
        "spectral_ratio": 1.228852391242981,
        "top_10_var": [
          0.027683597058057785,
          0.025678342208266258,
          0.024649398401379585,
          0.02431950531899929,
          0.023911967873573303,
          0.02357417531311512,
          0.0233590230345726,
          0.022970378398895264,
          0.022705601528286934,
          0.02252800762653351
        ],
        "mean_accuracy": 97.68,
        "std_accuracy": 0.6462197768561405,
        "n_params": 68865
      },
      "0.5": {
        "effective_dim": 48.52505111694336,
        "k_95": 47,
        "k_50": 23,
        "mean_distance": 27.21227205409271,
        "std_distance": 0.8111182993677624,
        "total_variance": 0.005393825471401215,
        "spectral_ratio": 1.1057254076004028,
        "top_10_var": [
          0.02471228688955307,
          0.024426931515336037,
          0.023497160524129868,
          0.0232912115752697,
          0.02304850146174431,
          0.022965559735894203,
          0.02277066931128502,
          0.02263898402452469,
          0.02253645285964012,
          0.022349389269948006
        ],
        "mean_accuracy": 97.82,
        "std_accuracy": 0.5723635208501674,
        "n_params": 68865
      }
    },
    "xlarge": {
      "0.0": {
        "effective_dim": 48.8542366027832,
        "k_95": 47,
        "k_50": 24,
        "mean_distance": 37.60363772270074,
        "std_distance": 0.5883140322440064,
        "total_variance": 0.0026315832510590553,
        "spectral_ratio": 1.0634311437606812,
        "top_10_var": [
          0.02285766415297985,
          0.02267719991505146,
          0.022500038146972656,
          0.022410647943615913,
          0.022045329213142395,
          0.021852370351552963,
          0.02176598832011223,
          0.021687911823391914,
          0.021579673513770103,
          0.02149425819516182
        ],
        "mean_accuracy": 96.77,
        "std_accuracy": 0.521632054229799,
        "n_params": 268801
      },